<?xml version="1.0" encoding="UTF-8" standalone="yes"?>
<library-item xmlns="http://spotfire.tibco.com/ws/2008/12/library">
    <title>library</title>
    <item-type>
        <label>folder</label>
        <label-prefix>spotfire</label-prefix>
        <is-container>true</is-container>
    </item-type>
    <format-version>63.5.12126.5109</format-version>
    <created>2024-02-28T11:59:11.333-08:00</created>
    <modified>2024-02-28T11:59:11.333-08:00</modified>
    <children>
        <library-item>
            <id>e4526667-2b2a-4add-9768-cbb19497ccd8</id>
            <title>Information Package</title>
            <item-type>
                <label>folder</label>
                <label-prefix>spotfire</label-prefix>
                <is-container>true</is-container>
            </item-type>
            <created-by>Administrator@SPOTFIRE</created-by>
            <created>2016-03-15T10:29:45.000Z</created>
            <modified-by>Administrator@SPOTFIRE</modified-by>
            <modified>2024-02-28T18:39:53.000Z</modified>
            <accessed>2016-03-29T14:37:38.000Z</accessed>
            <properties/>
            <keywords/>
            <children>
                <library-item>
                    <id>a521c728-2ede-49a5-bd0a-5c045deb74f5</id>
                    <title>Information Link</title>
                    <item-type>
                        <label>folder</label>
                        <label-prefix>spotfire</label-prefix>
                        <is-container>true</is-container>
                    </item-type>
                    <created-by>Administrator@SPOTFIRE</created-by>
                    <created>2016-03-15T10:33:27.000Z</created>
                    <modified-by>Administrator@SPOTFIRE</modified-by>
                    <modified>2024-02-28T18:39:55.000Z</modified>
                    <accessed>2016-03-29T14:37:38.000Z</accessed>
                    <properties/>
                    <keywords/>
                    <children>
                        <library-item>
                            <id>c5a9e7aa-d475-41ec-881d-c2815a18d977</id>
                            <title>IL_DC_E_VOWIFI_KPI_RAW</title>
                            <item-type>
<label>query</label>
<label-prefix>spotfire</label-prefix>
<is-container>false</is-container>
<mime-type>application/xml</mime-type>
                            </item-type>
                            <created-by>Administrator@SPOTFIRE</created-by>
                            <created>2016-03-15T11:03:55.000Z</created>
                            <modified-by>Administrator@SPOTFIRE</modified-by>
                            <modified>2024-02-28T18:39:55.000Z</modified>
                            <accessed>2024-02-28T19:55:23.000Z</accessed>
                            <properties/>
                            <keywords/>
                            <dependencies>
<dependency>
    <requiredid>900b6951-d3fd-4958-b177-f4d99d2c9691</requiredid>
    <description>Column required by this query</description>
    <cascading-delete>false</cascading-delete>
</dependency>
<dependency>
    <requiredid>39ca8e12-f378-4a74-a573-d53e6b245b9e</requiredid>
    <description>Column required by this query</description>
    <cascading-delete>false</cascading-delete>
</dependency>
<dependency>
    <requiredid>efb643bc-c0ed-4429-823e-fcac090fa7c6</requiredid>
    <description>Column required by this query</description>
    <cascading-delete>false</cascading-delete>
</dependency>
<dependency>
    <requiredid>cc9e44ac-13c9-4d1f-a2a7-42eca114ad7d</requiredid>
    <description>Column required by this query</description>
    <cascading-delete>false</cascading-delete>
</dependency>
<dependency>
    <requiredid>6cd29f93-822a-4b99-8a10-c9f1f8125e83</requiredid>
    <description>Column required by this query</description>
    <cascading-delete>false</cascading-delete>
</dependency>
                            </dependencies>
                            <hidden>false</hidden>
                        </library-item>
                        <library-item>
                            <id>0f69875d-2c3d-4f96-a27a-08e6b30b8a85</id>
                            <title>IL_DIM_E_VOWIFI_KPI</title>
                            <item-type>
<label>query</label>
<label-prefix>spotfire</label-prefix>
<is-container>false</is-container>
<mime-type>application/xml</mime-type>
                            </item-type>
                            <created-by>Administrator@SPOTFIRE</created-by>
                            <created>2016-03-15T11:11:39.000Z</created>
                            <modified-by>Administrator@SPOTFIRE</modified-by>
                            <modified>2024-02-28T18:39:55.000Z</modified>
                            <accessed>2024-02-28T19:55:23.000Z</accessed>
                            <properties/>
                            <keywords/>
                            <dependencies>
<dependency>
    <requiredid>53584541-141c-4c86-9f09-9080bbafcc5e</requiredid>
    <description>Column required by this query</description>
    <cascading-delete>false</cascading-delete>
</dependency>
<dependency>
    <requiredid>4ce37aba-254d-4ceb-b969-298555ecc726</requiredid>
    <description>Column required by this query</description>
    <cascading-delete>false</cascading-delete>
</dependency>
<dependency>
    <requiredid>ebf89194-2bba-426e-91b4-ce2aa3d6dfe6</requiredid>
    <description>Column required by this query</description>
    <cascading-delete>false</cascading-delete>
</dependency>
<dependency>
    <requiredid>c646a674-70ae-4e7c-88c8-1f75f388407a</requiredid>
    <description>Column required by this query</description>
    <cascading-delete>false</cascading-delete>
</dependency>
<dependency>
    <requiredid>6da59cac-e53b-40f3-854d-8bb35075bf63</requiredid>
    <description>Column required by this query</description>
    <cascading-delete>false</cascading-delete>
</dependency>
                            </dependencies>
                            <hidden>false</hidden>
                        </library-item>
                        <library-item>
                            <id>b299b70d-27c8-4df3-8615-d25fa65e3412</id>
                            <title>IL_DIM_E_VOWIFI_NODE</title>
                            <item-type>
<label>query</label>
<label-prefix>spotfire</label-prefix>
<is-container>false</is-container>
<mime-type>application/xml</mime-type>
                            </item-type>
                            <created-by>Administrator@SPOTFIRE</created-by>
                            <created>2016-03-15T11:13:13.000Z</created>
                            <modified-by>Administrator@SPOTFIRE</modified-by>
                            <modified>2024-02-28T18:39:55.000Z</modified>
                            <accessed>2024-02-28T19:55:23.000Z</accessed>
                            <properties/>
                            <keywords/>
                            <dependencies>
<dependency>
    <requiredid>b40394d9-7cc5-44ec-b391-c847b1c46603</requiredid>
    <description>Column required by this query</description>
    <cascading-delete>false</cascading-delete>
</dependency>
<dependency>
    <requiredid>47417ae0-6e30-4abd-a80e-221bdeb1f3d2</requiredid>
    <description>Column required by this query</description>
    <cascading-delete>false</cascading-delete>
</dependency>
<dependency>
    <requiredid>6ec8d589-7f4f-48d6-a0a2-bcc10467a2ec</requiredid>
    <description>Column required by this query</description>
    <cascading-delete>false</cascading-delete>
</dependency>
<dependency>
    <requiredid>0e4cffa9-48dd-4b0b-adec-fe1c27d55ff6</requiredid>
    <description>Column required by this query</description>
    <cascading-delete>false</cascading-delete>
</dependency>
<dependency>
    <requiredid>530a4dce-b114-4b53-bd18-5748ed04417c</requiredid>
    <description>Column required by this query</description>
    <cascading-delete>false</cascading-delete>
</dependency>
<dependency>
    <requiredid>f901865a-c534-4573-930d-9f1449cb22f9</requiredid>
    <description>Column required by this query</description>
    <cascading-delete>false</cascading-delete>
</dependency>
                            </dependencies>
                            <hidden>false</hidden>
                        </library-item>
                    </children>
                    <hidden>false</hidden>
                </library-item>
                <library-item>
                    <id>7344307c-cc4e-439c-80e4-231aeadf0e86</id>
                    <title>Columns</title>
                    <item-type>
                        <label>folder</label>
                        <label-prefix>spotfire</label-prefix>
                        <is-container>true</is-container>
                    </item-type>
                    <created-by>Administrator@SPOTFIRE</created-by>
                    <created>2016-03-15T10:33:10.000Z</created>
                    <modified-by>Administrator@SPOTFIRE</modified-by>
                    <modified>2024-02-28T18:39:53.000Z</modified>
                    <accessed>2016-03-29T14:37:38.000Z</accessed>
                    <properties/>
                    <keywords/>
                    <children>
                        <library-item>
                            <id>88c7a8b5-ec54-4f27-99be-7323cb76ad95</id>
                            <title>DIM_E_VOWIFI_KPI</title>
                            <item-type>
<label>folder</label>
<label-prefix>spotfire</label-prefix>
<is-container>true</is-container>
                            </item-type>
                            <created-by>Administrator@SPOTFIRE</created-by>
                            <created>2016-03-15T11:06:01.000Z</created>
                            <modified-by>Administrator@SPOTFIRE</modified-by>
                            <modified>2024-02-28T18:39:54.000Z</modified>
                            <accessed>2016-03-29T14:37:38.000Z</accessed>
                            <properties/>
                            <keywords/>
                            <children>
<library-item>
    <id>ebf89194-2bba-426e-91b4-ce2aa3d6dfe6</id>
    <title>SLOGAN</title>
    <item-type>
        <label>column</label>
        <label-prefix>spotfire</label-prefix>
        <is-container>false</is-container>
        <mime-type>application/xml</mime-type>
    </item-type>
    <created-by>Administrator@SPOTFIRE</created-by>
    <created>2016-03-15T11:10:55.000Z</created>
    <modified-by>Administrator@SPOTFIRE</modified-by>
    <modified>2024-02-28T18:39:54.000Z</modified>
    <accessed>2024-02-28T19:55:23.000Z</accessed>
    <properties>
        <property>
            <name>datatype</name>
            <value>string</value>
        </property>
        <property>
            <name>column</name>
            <value>SLOGAN</value>
        </property>
        <property>
            <name>table</name>
            <value>DIM_E_VOWIFI_KPI</value>
        </property>
    </properties>
    <keywords/>
    <dependencies>
        <dependency>
            <requiredid>0e81554f-ed55-498d-836c-d5f8ddbcfe7d</requiredid>
            <description>Data source required by this column</description>
            <cascading-delete>false</cascading-delete>
        </dependency>
    </dependencies>
    <hidden>false</hidden>
</library-item>
<library-item>
    <id>4ce37aba-254d-4ceb-b969-298555ecc726</id>
    <title>THRESHOLD_TYPE</title>
    <item-type>
        <label>column</label>
        <label-prefix>spotfire</label-prefix>
        <is-container>false</is-container>
        <mime-type>application/xml</mime-type>
    </item-type>
    <created-by>Administrator@SPOTFIRE</created-by>
    <created>2016-03-15T11:10:55.000Z</created>
    <modified-by>Administrator@SPOTFIRE</modified-by>
    <modified>2024-02-28T18:39:54.000Z</modified>
    <accessed>2024-02-28T19:55:23.000Z</accessed>
    <properties>
        <property>
            <name>datatype</name>
            <value>boolean</value>
        </property>
        <property>
            <name>column</name>
            <value>THRESHOLD_TYPE</value>
        </property>
        <property>
            <name>table</name>
            <value>DIM_E_VOWIFI_KPI</value>
        </property>
    </properties>
    <keywords/>
    <dependencies>
        <dependency>
            <requiredid>0e81554f-ed55-498d-836c-d5f8ddbcfe7d</requiredid>
            <description>Data source required by this column</description>
            <cascading-delete>false</cascading-delete>
        </dependency>
    </dependencies>
    <hidden>false</hidden>
</library-item>
<library-item>
    <id>6da59cac-e53b-40f3-854d-8bb35075bf63</id>
    <title>METRIC_TYPE</title>
    <item-type>
        <label>column</label>
        <label-prefix>spotfire</label-prefix>
        <is-container>false</is-container>
        <mime-type>application/xml</mime-type>
    </item-type>
    <created-by>Administrator@SPOTFIRE</created-by>
    <created>2016-03-21T16:08:11.000Z</created>
    <modified-by>Administrator@SPOTFIRE</modified-by>
    <modified>2024-02-28T18:39:54.000Z</modified>
    <accessed>2024-02-28T19:55:23.000Z</accessed>
    <properties>
        <property>
            <name>datatype</name>
            <value>string</value>
        </property>
        <property>
            <name>column</name>
            <value>METRIC_TYPE</value>
        </property>
        <property>
            <name>table</name>
            <value>DIM_E_VOWIFI_KPI</value>
        </property>
    </properties>
    <keywords/>
    <dependencies>
        <dependency>
            <requiredid>0e81554f-ed55-498d-836c-d5f8ddbcfe7d</requiredid>
            <description>Data source required by this column</description>
            <cascading-delete>false</cascading-delete>
        </dependency>
    </dependencies>
    <hidden>false</hidden>
</library-item>
<library-item>
    <id>c646a674-70ae-4e7c-88c8-1f75f388407a</id>
    <title>THRESHOLD</title>
    <item-type>
        <label>column</label>
        <label-prefix>spotfire</label-prefix>
        <is-container>false</is-container>
        <mime-type>application/xml</mime-type>
    </item-type>
    <created-by>Administrator@SPOTFIRE</created-by>
    <created>2016-03-15T11:10:55.000Z</created>
    <modified-by>Administrator@SPOTFIRE</modified-by>
    <modified>2024-02-28T18:39:54.000Z</modified>
    <accessed>2024-02-28T19:55:23.000Z</accessed>
    <properties>
        <property>
            <name>datatype</name>
            <value>longinteger</value>
        </property>
        <property>
            <name>column</name>
            <value>THRESHOLD</value>
        </property>
        <property>
            <name>table</name>
            <value>DIM_E_VOWIFI_KPI</value>
        </property>
    </properties>
    <keywords/>
    <dependencies>
        <dependency>
            <requiredid>0e81554f-ed55-498d-836c-d5f8ddbcfe7d</requiredid>
            <description>Data source required by this column</description>
            <cascading-delete>false</cascading-delete>
        </dependency>
    </dependencies>
    <hidden>false</hidden>
</library-item>
<library-item>
    <id>53584541-141c-4c86-9f09-9080bbafcc5e</id>
    <title>KPI_ID</title>
    <item-type>
        <label>column</label>
        <label-prefix>spotfire</label-prefix>
        <is-container>false</is-container>
        <mime-type>application/xml</mime-type>
    </item-type>
    <created-by>Administrator@SPOTFIRE</created-by>
    <created>2016-03-15T11:10:55.000Z</created>
    <modified-by>Administrator@SPOTFIRE</modified-by>
    <modified>2024-02-28T18:39:54.000Z</modified>
    <accessed>2024-02-28T19:55:23.000Z</accessed>
    <properties>
        <property>
            <name>datatype</name>
            <value>integer</value>
        </property>
        <property>
            <name>column</name>
            <value>KPI_ID</value>
        </property>
        <property>
            <name>table</name>
            <value>DIM_E_VOWIFI_KPI</value>
        </property>
    </properties>
    <keywords/>
    <dependencies>
        <dependency>
            <requiredid>0e81554f-ed55-498d-836c-d5f8ddbcfe7d</requiredid>
            <description>Data source required by this column</description>
            <cascading-delete>false</cascading-delete>
        </dependency>
    </dependencies>
    <hidden>false</hidden>
</library-item>
                            </children>
                            <hidden>false</hidden>
                        </library-item>
                        <library-item>
                            <id>3d8a4a84-595a-4b30-9565-4eb6682c7626</id>
                            <title>DC_E_VOWIFI_KPI_RAW</title>
                            <item-type>
<label>folder</label>
<label-prefix>spotfire</label-prefix>
<is-container>true</is-container>
                            </item-type>
                            <created-by>Administrator@SPOTFIRE</created-by>
                            <created>2016-03-15T10:55:10.000Z</created>
                            <modified-by>Administrator@SPOTFIRE</modified-by>
                            <modified>2024-02-28T18:39:54.000Z</modified>
                            <accessed>2016-03-29T14:37:38.000Z</accessed>
                            <properties/>
                            <keywords/>
                            <children>
<library-item>
    <id>efb643bc-c0ed-4429-823e-fcac090fa7c6</id>
    <title>KPI_VALUE</title>
    <item-type>
        <label>column</label>
        <label-prefix>spotfire</label-prefix>
        <is-container>false</is-container>
        <mime-type>application/xml</mime-type>
    </item-type>
    <created-by>Administrator@SPOTFIRE</created-by>
    <created>2016-03-15T10:55:14.000Z</created>
    <modified-by>Administrator@SPOTFIRE</modified-by>
    <modified>2024-02-28T18:39:54.000Z</modified>
    <accessed>2024-02-28T19:55:23.000Z</accessed>
    <properties>
        <property>
            <name>datatype</name>
            <value>singlereal</value>
        </property>
        <property>
            <name>column</name>
            <value>KPI_VALUE</value>
        </property>
        <property>
            <name>table</name>
            <value>DC_E_VOWIFI_KPI_RAW</value>
        </property>
    </properties>
    <keywords/>
    <dependencies>
        <dependency>
            <requiredid>0e81554f-ed55-498d-836c-d5f8ddbcfe7d</requiredid>
            <description>Data source required by this column</description>
            <cascading-delete>false</cascading-delete>
        </dependency>
    </dependencies>
    <hidden>false</hidden>
</library-item>
<library-item>
    <id>39ca8e12-f378-4a74-a573-d53e6b245b9e</id>
    <title>KPI_ID</title>
    <item-type>
        <label>column</label>
        <label-prefix>spotfire</label-prefix>
        <is-container>false</is-container>
        <mime-type>application/xml</mime-type>
    </item-type>
    <created-by>Administrator@SPOTFIRE</created-by>
    <created>2016-03-15T10:55:14.000Z</created>
    <modified-by>Administrator@SPOTFIRE</modified-by>
    <modified>2024-02-28T18:39:54.000Z</modified>
    <accessed>2024-02-28T19:55:23.000Z</accessed>
    <properties>
        <property>
            <name>datatype</name>
            <value>integer</value>
        </property>
        <property>
            <name>column</name>
            <value>KPI_ID</value>
        </property>
        <property>
            <name>table</name>
            <value>DC_E_VOWIFI_KPI_RAW</value>
        </property>
    </properties>
    <keywords/>
    <dependencies>
        <dependency>
            <requiredid>0e81554f-ed55-498d-836c-d5f8ddbcfe7d</requiredid>
            <description>Data source required by this column</description>
            <cascading-delete>false</cascading-delete>
        </dependency>
    </dependencies>
    <hidden>false</hidden>
</library-item>
<library-item>
    <id>6cd29f93-822a-4b99-8a10-c9f1f8125e83</id>
    <title>NODE_ID</title>
    <item-type>
        <label>column</label>
        <label-prefix>spotfire</label-prefix>
        <is-container>false</is-container>
        <mime-type>application/xml</mime-type>
    </item-type>
    <created-by>Administrator@SPOTFIRE</created-by>
    <created>2016-03-15T10:55:14.000Z</created>
    <modified-by>Administrator@SPOTFIRE</modified-by>
    <modified>2024-02-28T18:39:54.000Z</modified>
    <accessed>2024-02-28T19:55:23.000Z</accessed>
    <properties>
        <property>
            <name>datatype</name>
            <value>integer</value>
        </property>
        <property>
            <name>column</name>
            <value>NODE_ID</value>
        </property>
        <property>
            <name>table</name>
            <value>DC_E_VOWIFI_KPI_RAW</value>
        </property>
    </properties>
    <keywords/>
    <dependencies>
        <dependency>
            <requiredid>0e81554f-ed55-498d-836c-d5f8ddbcfe7d</requiredid>
            <description>Data source required by this column</description>
            <cascading-delete>false</cascading-delete>
        </dependency>
    </dependencies>
    <hidden>false</hidden>
</library-item>
<library-item>
    <id>cc9e44ac-13c9-4d1f-a2a7-42eca114ad7d</id>
    <title>UTC_DATETIME_ID</title>
    <item-type>
        <label>column</label>
        <label-prefix>spotfire</label-prefix>
        <is-container>false</is-container>
        <mime-type>application/xml</mime-type>
    </item-type>
    <created-by>Administrator@SPOTFIRE</created-by>
    <created>2016-03-15T10:55:14.000Z</created>
    <modified-by>Administrator@SPOTFIRE</modified-by>
    <modified>2024-02-28T18:39:54.000Z</modified>
    <accessed>2024-02-28T19:55:23.000Z</accessed>
    <properties>
        <property>
            <name>datatype</name>
            <value>datetime</value>
        </property>
        <property>
            <name>column</name>
            <value>UTC_DATETIME_ID</value>
        </property>
        <property>
            <name>table</name>
            <value>DC_E_VOWIFI_KPI_RAW</value>
        </property>
    </properties>
    <keywords/>
    <dependencies>
        <dependency>
            <requiredid>0e81554f-ed55-498d-836c-d5f8ddbcfe7d</requiredid>
            <description>Data source required by this column</description>
            <cascading-delete>false</cascading-delete>
        </dependency>
    </dependencies>
    <hidden>false</hidden>
</library-item>
<library-item>
    <id>900b6951-d3fd-4958-b177-f4d99d2c9691</id>
    <title>BREACH_INDICATION</title>
    <item-type>
        <label>column</label>
        <label-prefix>spotfire</label-prefix>
        <is-container>false</is-container>
        <mime-type>application/xml</mime-type>
    </item-type>
    <created-by>Administrator@SPOTFIRE</created-by>
    <created>2016-03-15T10:55:14.000Z</created>
    <modified-by>Administrator@SPOTFIRE</modified-by>
    <modified>2024-02-28T18:39:54.000Z</modified>
    <accessed>2024-02-28T19:55:23.000Z</accessed>
    <properties>
        <property>
            <name>datatype</name>
            <value>boolean</value>
        </property>
        <property>
            <name>column</name>
            <value>BREACH_INDICATION</value>
        </property>
        <property>
            <name>table</name>
            <value>DC_E_VOWIFI_KPI_RAW</value>
        </property>
    </properties>
    <keywords/>
    <dependencies>
        <dependency>
            <requiredid>0e81554f-ed55-498d-836c-d5f8ddbcfe7d</requiredid>
            <description>Data source required by this column</description>
            <cascading-delete>false</cascading-delete>
        </dependency>
    </dependencies>
    <hidden>false</hidden>
</library-item>
                            </children>
                            <hidden>false</hidden>
                        </library-item>
                        <library-item>
                            <id>a2386952-be46-4c3c-8cfc-8ab620d16edc</id>
                            <title>DIM_E_VOWIFI_NODE</title>
                            <item-type>
<label>folder</label>
<label-prefix>spotfire</label-prefix>
<is-container>true</is-container>
                            </item-type>
                            <created-by>Administrator@SPOTFIRE</created-by>
                            <created>2016-03-15T11:12:50.000Z</created>
                            <modified-by>Administrator@SPOTFIRE</modified-by>
                            <modified>2024-02-28T18:39:55.000Z</modified>
                            <accessed>2016-03-29T14:37:38.000Z</accessed>
                            <properties/>
                            <keywords/>
                            <children>
<library-item>
    <id>b40394d9-7cc5-44ec-b391-c847b1c46603</id>
    <title>NODE_NAME</title>
    <item-type>
        <label>column</label>
        <label-prefix>spotfire</label-prefix>
        <is-container>false</is-container>
        <mime-type>application/xml</mime-type>
    </item-type>
    <created-by>Administrator@SPOTFIRE</created-by>
    <created>2016-03-15T11:12:53.000Z</created>
    <modified-by>Administrator@SPOTFIRE</modified-by>
    <modified>2024-02-28T18:39:54.000Z</modified>
    <accessed>2024-02-28T19:55:23.000Z</accessed>
    <properties>
        <property>
            <name>datatype</name>
            <value>string</value>
        </property>
        <property>
            <name>column</name>
            <value>NODE_NAME</value>
        </property>
        <property>
            <name>table</name>
            <value>DIM_E_VOWIFI_NODE</value>
        </property>
    </properties>
    <keywords/>
    <dependencies>
        <dependency>
            <requiredid>0e81554f-ed55-498d-836c-d5f8ddbcfe7d</requiredid>
            <description>Data source required by this column</description>
            <cascading-delete>false</cascading-delete>
        </dependency>
    </dependencies>
    <hidden>false</hidden>
</library-item>
<library-item>
    <id>0e4cffa9-48dd-4b0b-adec-fe1c27d55ff6</id>
    <title>NODE_VERSION</title>
    <item-type>
        <label>column</label>
        <label-prefix>spotfire</label-prefix>
        <is-container>false</is-container>
        <mime-type>application/xml</mime-type>
    </item-type>
    <created-by>Administrator@SPOTFIRE</created-by>
    <created>2016-03-21T16:06:06.000Z</created>
    <modified-by>Administrator@SPOTFIRE</modified-by>
    <modified>2024-02-28T18:39:54.000Z</modified>
    <accessed>2024-02-28T19:55:23.000Z</accessed>
    <properties>
        <property>
            <name>datatype</name>
            <value>string</value>
        </property>
        <property>
            <name>column</name>
            <value>NODE_VERSION</value>
        </property>
        <property>
            <name>table</name>
            <value>DIM_E_VOWIFI_NODE</value>
        </property>
    </properties>
    <keywords/>
    <dependencies>
        <dependency>
            <requiredid>0e81554f-ed55-498d-836c-d5f8ddbcfe7d</requiredid>
            <description>Data source required by this column</description>
            <cascading-delete>false</cascading-delete>
        </dependency>
    </dependencies>
    <hidden>false</hidden>
</library-item>
<library-item>
    <id>f901865a-c534-4573-930d-9f1449cb22f9</id>
    <title>NODE_ID</title>
    <item-type>
        <label>column</label>
        <label-prefix>spotfire</label-prefix>
        <is-container>false</is-container>
        <mime-type>application/xml</mime-type>
    </item-type>
    <created-by>Administrator@SPOTFIRE</created-by>
    <created>2016-03-15T11:12:53.000Z</created>
    <modified-by>Administrator@SPOTFIRE</modified-by>
    <modified>2024-02-28T18:39:54.000Z</modified>
    <accessed>2024-02-28T19:55:23.000Z</accessed>
    <properties>
        <property>
            <name>datatype</name>
            <value>integer</value>
        </property>
        <property>
            <name>column</name>
            <value>NODE_ID</value>
        </property>
        <property>
            <name>table</name>
            <value>DIM_E_VOWIFI_NODE</value>
        </property>
    </properties>
    <keywords/>
    <dependencies>
        <dependency>
            <requiredid>0e81554f-ed55-498d-836c-d5f8ddbcfe7d</requiredid>
            <description>Data source required by this column</description>
            <cascading-delete>false</cascading-delete>
        </dependency>
    </dependencies>
    <hidden>false</hidden>
</library-item>
<library-item>
    <id>47417ae0-6e30-4abd-a80e-221bdeb1f3d2</id>
    <title>SYSTEM_AREA</title>
    <item-type>
        <label>column</label>
        <label-prefix>spotfire</label-prefix>
        <is-container>false</is-container>
        <mime-type>application/xml</mime-type>
    </item-type>
    <created-by>Administrator@SPOTFIRE</created-by>
    <created>2016-03-21T16:06:06.000Z</created>
    <modified-by>Administrator@SPOTFIRE</modified-by>
    <modified>2024-02-28T18:39:54.000Z</modified>
    <accessed>2024-02-28T19:55:23.000Z</accessed>
    <properties>
        <property>
            <name>datatype</name>
            <value>string</value>
        </property>
        <property>
            <name>column</name>
            <value>SYSTEM_AREA</value>
        </property>
        <property>
            <name>table</name>
            <value>DIM_E_VOWIFI_NODE</value>
        </property>
    </properties>
    <keywords/>
    <dependencies>
        <dependency>
            <requiredid>0e81554f-ed55-498d-836c-d5f8ddbcfe7d</requiredid>
            <description>Data source required by this column</description>
            <cascading-delete>false</cascading-delete>
        </dependency>
    </dependencies>
    <hidden>false</hidden>
</library-item>
<library-item>
    <id>530a4dce-b114-4b53-bd18-5748ed04417c</id>
    <title>SW_VERSION</title>
    <item-type>
        <label>column</label>
        <label-prefix>spotfire</label-prefix>
        <is-container>false</is-container>
        <mime-type>application/xml</mime-type>
    </item-type>
    <created-by>Administrator@SPOTFIRE</created-by>
    <created>2016-03-21T16:06:06.000Z</created>
    <modified-by>Administrator@SPOTFIRE</modified-by>
    <modified>2024-02-28T18:39:54.000Z</modified>
    <accessed>2024-02-28T19:55:23.000Z</accessed>
    <properties>
        <property>
            <name>datatype</name>
            <value>string</value>
        </property>
        <property>
            <name>column</name>
            <value>SW_VERSION</value>
        </property>
        <property>
            <name>table</name>
            <value>DIM_E_VOWIFI_NODE</value>
        </property>
    </properties>
    <keywords/>
    <dependencies>
        <dependency>
            <requiredid>0e81554f-ed55-498d-836c-d5f8ddbcfe7d</requiredid>
            <description>Data source required by this column</description>
            <cascading-delete>false</cascading-delete>
        </dependency>
    </dependencies>
    <hidden>false</hidden>
</library-item>
<library-item>
    <id>6ec8d589-7f4f-48d6-a0a2-bcc10467a2ec</id>
    <title>NODE_TYPE</title>
    <item-type>
        <label>column</label>
        <label-prefix>spotfire</label-prefix>
        <is-container>false</is-container>
        <mime-type>application/xml</mime-type>
    </item-type>
    <created-by>Administrator@SPOTFIRE</created-by>
    <created>2016-03-15T11:12:53.000Z</created>
    <modified-by>Administrator@SPOTFIRE</modified-by>
    <modified>2024-02-28T18:39:55.000Z</modified>
    <accessed>2024-02-28T19:55:23.000Z</accessed>
    <properties>
        <property>
            <name>datatype</name>
            <value>string</value>
        </property>
        <property>
            <name>column</name>
            <value>NODE_TYPE</value>
        </property>
        <property>
            <name>table</name>
            <value>DIM_E_VOWIFI_NODE</value>
        </property>
    </properties>
    <keywords/>
    <dependencies>
        <dependency>
            <requiredid>0e81554f-ed55-498d-836c-d5f8ddbcfe7d</requiredid>
            <description>Data source required by this column</description>
            <cascading-delete>false</cascading-delete>
        </dependency>
    </dependencies>
    <hidden>false</hidden>
</library-item>
                            </children>
                            <hidden>false</hidden>
                        </library-item>
                    </children>
                    <hidden>false</hidden>
                </library-item>
            </children>
            <hidden>false</hidden>
        </library-item>
    </children>
    <hidden>false</hidden>
</library-item>
